{"cameraMode":{"drawMode":0,"name":"Shaded","section":"Shading Mode"},"sceneLighting":false,"audioPlay":false,"sceneViewState":{"showFog":true,"showMaterialUpdate":false,"showSkybox":false,"showFlares":true,"showImageEffects":true,"showParticleSystems":true,"showVisualEffectGraphs":true,"m_FxEnabled":true},"in2DMode":false,"pivot":{"x":-0.02895355224609375,"y":0.9158052206039429,"z":-0.08322378993034363},"rotation":{"x":-0.06144841015338898,"y":0.9378257393836975,"z":-0.2598635256290436,"w":-0.22176216542720796},"size":1.2444798946380616,"orthographic":false}