{"cameraMode":{"drawMode":0,"name":"Shaded","section":"Shading Mode"},"sceneLighting":false,"audioPlay":false,"sceneViewState":{"showFog":true,"showMaterialUpdate":false,"showSkybox":false,"showFlares":true,"showImageEffects":true,"showParticleSystems":true,"showVisualEffectGraphs":true,"m_FxEnabled":true},"in2DMode":false,"pivot":{"x":0.3422309160232544,"y":1.0897749662399293,"z":-0.187225341796875},"rotation":{"x":-0.011419477872550488,"y":-0.9376895427703857,"z":0.030955025926232339,"w":-0.34590888023376467},"size":1.7597289085388184,"orthographic":false}