{"cameraMode":{"drawMode":0,"name":"Shaded","section":"Shading Mode"},"sceneLighting":false,"audioPlay":false,"sceneViewState":{"showFog":true,"showMaterialUpdate":false,"showSkybox":false,"showFlares":true,"showImageEffects":true,"showParticleSystems":true,"showVisualEffectGraphs":true,"m_FxEnabled":true},"in2DMode":false,"pivot":{"x":0.23329287767410279,"y":0.6945927143096924,"z":-0.4702010750770569},"rotation":{"x":-0.04586327448487282,"y":-0.9517173171043396,"z":0.24656488001346589,"w":-0.17702829837799073},"size":1.7597289085388184,"orthographic":false}