{"cameraMode":{"drawMode":0,"name":"Shaded","section":"Shading Mode"},"sceneLighting":false,"audioPlay":false,"sceneViewState":{"showFog":true,"showMaterialUpdate":false,"showSkybox":false,"showFlares":true,"showImageEffects":true,"showParticleSystems":true,"showVisualEffectGraphs":true,"m_FxEnabled":true},"in2DMode":false,"pivot":{"x":0.48903292417526247,"y":1.1168224811553956,"z":-0.005828142166137695},"rotation":{"x":0.2844732999801636,"y":-0.0523112416267395,"z":0.015548840165138245,"w":0.9571372270584106},"size":3.208123207092285,"orthographic":true}