{"cameraMode":{"drawMode":0,"name":"Shaded","section":"Shading Mode"},"sceneLighting":true,"audioPlay":false,"sceneViewState":{"showFog":true,"showMaterialUpdate":false,"showSkybox":true,"showFlares":true,"showImageEffects":true,"showParticleSystems":true,"showVisualEffectGraphs":true,"m_FxEnabled":true},"in2DMode":false,"pivot":{"x":-1.6754496097564698,"y":11.528079986572266,"z":-3.4923739433288576},"rotation":{"x":0.6197336912155151,"y":-0.00047026167158037424,"z":0.00037244323175400496,"w":0.7848206162452698},"size":17.543249130249025,"orthographic":true}