{"cameraMode":{"drawMode":0,"name":"Shaded","section":"Shading Mode"},"sceneLighting":true,"audioPlay":false,"sceneViewState":{"showFog":true,"showMaterialUpdate":false,"showSkybox":true,"showFlares":true,"showImageEffects":true,"showParticleSystems":true,"showVisualEffectGraphs":true,"m_FxEnabled":true},"in2DMode":false,"pivot":{"x":1.4432384967803956,"y":2.128480911254883,"z":0.23487138748168946},"rotation":{"x":0.6586731672286987,"y":-0.03494580462574959,"z":0.030651329085230829,"w":0.7509948015213013},"size":18.777528762817384,"orthographic":true}