{"cameraMode":{"drawMode":0,"name":"Shaded","section":"Shading Mode"},"sceneLighting":true,"audioPlay":false,"sceneViewState":{"showFog":true,"showMaterialUpdate":false,"showSkybox":true,"showFlares":true,"showImageEffects":true,"showParticleSystems":true,"showVisualEffectGraphs":true,"m_FxEnabled":true},"in2DMode":false,"pivot":{"x":830.9452514648438,"y":496.2357177734375,"z":-22.814605712890626},"rotation":{"x":0.01499914936721325,"y":0.004795861896127462,"z":-0.00007197458035079762,"w":0.9998781681060791},"size":677.851318359375,"orthographic":false}