{"cameraMode":{"drawMode":0,"name":"Shaded","section":"Shading Mode"},"sceneLighting":false,"audioPlay":false,"sceneViewState":{"showFog":true,"showMaterialUpdate":false,"showSkybox":true,"showFlares":true,"showImageEffects":true,"showParticleSystems":true},"in2DMode":false,"pivot":{"x":5.734776496887207,"y":-4.400482654571533,"z":8.996745109558106},"rotation":{"x":0.2283356934785843,"y":0.32536882162094118,"z":-0.0812835544347763,"w":0.9139972925186157},"size":21.572834014892579,"orthographic":false}